Financial Goal,Approximate Amount Needed
Buy a House,300000
Buy a Car,20000
Start a Business,50000
Retirement Savings,200000
Education Fund,40000
Vacation,5000
Emergency Fund,10000
Debt Repayment,15000
Home Renovation,25000
Investment in Stocks,15000
Buy a House,450000
Buy a Car,35000
Start a Business,75000
Retirement Savings,300000
Education Fund,60000
Buy a House,350000
Buy a Car,25000
Start a Business,60000
Retirement Savings,250000
Education Fund,50000
Vacation,7000
Emergency Fund,12000
Debt Repayment,20000
Home Renovation,30000
Investment in Stocks,20000
Buy a House,500000
Buy a Car,40000
Start a Business,100000
Retirement Savings,350000
Education Fund,70000
Buy a House,400000
Buy a Car,30000
Start a Business,80000
Retirement Savings,300000
Education Fund,80000
Vacation,10000
Emergency Fund,15000
Debt Repayment,25000
Home Renovation,35000
Investment in Stocks,25000
Buy a House,550000
Buy a Car,45000
Start a Business,120000
Retirement Savings,400000
Education Fund,90000
Buy a House,450000
Buy a Car,35000
Start a Business,90000
Retirement Savings,400000
Education Fund,100000
Vacation,12000
Emergency Fund,18000
Debt Repayment,30000
Home Renovation,40000
Investment in Stocks,30000
Buy a House,600000
Buy a Car,50000
Start a Business,130000
Retirement Savings,450000
Education Fund,110000
